--
-- PostgreSQL database dump
--

\restrict QZgn3wVJBWmitd2UUQ6ck7v6zGo52IIFMXzIf90gXaotiOqqwNZgMER8OumSsKf

-- Dumped from database version 16.13
-- Dumped by pg_dump version 18.0

-- Started on 2026-05-04 15:16:41

SET statement_timeout = 0;
SET lock_timeout = 0;
SET idle_in_transaction_session_timeout = 0;
SET transaction_timeout = 0;
SET client_encoding = 'UTF8';
SET standard_conforming_strings = on;
SELECT pg_catalog.set_config('search_path', '', false);
SET check_function_bodies = false;
SET xmloption = content;
SET client_min_messages = warning;
SET row_security = off;

--
-- TOC entry 4 (class 2615 OID 2200)
-- Name: public; Type: SCHEMA; Schema: -; Owner: -
--

CREATE SCHEMA public;


--
-- TOC entry 5026 (class 0 OID 0)
-- Dependencies: 4
-- Name: SCHEMA public; Type: COMMENT; Schema: -; Owner: -
--

COMMENT ON SCHEMA public IS 'standard public schema';


SET default_table_access_method = heap;

--
-- TOC entry 215 (class 1259 OID 16558)
-- Name: __EFMigrationsHistory; Type: TABLE; Schema: public; Owner: -
--

CREATE TABLE public."__EFMigrationsHistory" (
    migration_id character varying(150) NOT NULL,
    product_version character varying(32) NOT NULL
);


--
-- TOC entry 223 (class 1259 OID 16597)
-- Name: audit_log; Type: TABLE; Schema: public; Owner: -
--

CREATE TABLE public.audit_log (
    id integer NOT NULL,
    utilizator_id integer,
    actiune character varying(200) NOT NULL,
    detalii text,
    ip_adresa character varying(50),
    creat_la timestamp with time zone DEFAULT now() NOT NULL
);


--
-- TOC entry 222 (class 1259 OID 16596)
-- Name: audit_log_id_seq; Type: SEQUENCE; Schema: public; Owner: -
--

ALTER TABLE public.audit_log ALTER COLUMN id ADD GENERATED BY DEFAULT AS IDENTITY (
    SEQUENCE NAME public.audit_log_id_seq
    START WITH 1
    INCREMENT BY 1
    NO MINVALUE
    NO MAXVALUE
    CACHE 1
);


--
-- TOC entry 233 (class 1259 OID 16683)
-- Name: documente_dosar; Type: TABLE; Schema: public; Owner: -
--

CREATE TABLE public.documente_dosar (
    id integer NOT NULL,
    dosar_id integer NOT NULL,
    nume_fisier character varying(255) NOT NULL,
    cale_fisier character varying(500) NOT NULL,
    marime_bytes bigint,
    incarcat_de integer NOT NULL,
    data_incarcare timestamp with time zone DEFAULT now() NOT NULL
);


--
-- TOC entry 232 (class 1259 OID 16682)
-- Name: documente_dosar_id_seq; Type: SEQUENCE; Schema: public; Owner: -
--

ALTER TABLE public.documente_dosar ALTER COLUMN id ADD GENERATED BY DEFAULT AS IDENTITY (
    SEQUENCE NAME public.documente_dosar_id_seq
    START WITH 1
    INCREMENT BY 1
    NO MINVALUE
    NO MAXVALUE
    CACHE 1
);


--
-- TOC entry 234 (class 1259 OID 16701)
-- Name: dosar_agenti; Type: TABLE; Schema: public; Owner: -
--

CREATE TABLE public.dosar_agenti (
    dosar_id integer NOT NULL,
    utilizator_id integer NOT NULL
);


--
-- TOC entry 225 (class 1259 OID 16611)
-- Name: dosare; Type: TABLE; Schema: public; Owner: -
--

CREATE TABLE public.dosare (
    id integer NOT NULL,
    numar_dosar character varying(50) NOT NULL,
    titlu character varying(200),
    descriere text,
    status character varying(20) DEFAULT 'DESCHIS'::character varying NOT NULL,
    tip_incident character varying(100),
    data_incident date,
    sectie_id integer NOT NULL,
    creat_de integer NOT NULL,
    creat_la timestamp with time zone DEFAULT now() NOT NULL,
    actualizat_la timestamp with time zone
);


--
-- TOC entry 224 (class 1259 OID 16610)
-- Name: dosare_id_seq; Type: SEQUENCE; Schema: public; Owner: -
--

ALTER TABLE public.dosare ALTER COLUMN id ADD GENERATED BY DEFAULT AS IDENTITY (
    SEQUENCE NAME public.dosare_id_seq
    START WITH 1
    INCREMENT BY 1
    NO MINVALUE
    NO MAXVALUE
    CACHE 1
);


--
-- TOC entry 236 (class 1259 OID 16717)
-- Name: istoric_dosare; Type: TABLE; Schema: public; Owner: -
--

CREATE TABLE public.istoric_dosare (
    id integer NOT NULL,
    dosar_id integer NOT NULL,
    camp_modificat character varying(100) NOT NULL,
    valoare_veche text,
    valoare_noua text,
    modificat_de integer NOT NULL,
    modificat_la timestamp with time zone DEFAULT now() NOT NULL
);


--
-- TOC entry 235 (class 1259 OID 16716)
-- Name: istoric_dosare_id_seq; Type: SEQUENCE; Schema: public; Owner: -
--

ALTER TABLE public.istoric_dosare ALTER COLUMN id ADD GENERATED BY DEFAULT AS IDENTITY (
    SEQUENCE NAME public.istoric_dosare_id_seq
    START WITH 1
    INCREMENT BY 1
    NO MINVALUE
    NO MAXVALUE
    CACHE 1
);


--
-- TOC entry 227 (class 1259 OID 16631)
-- Name: istoric_sectii; Type: TABLE; Schema: public; Owner: -
--

CREATE TABLE public.istoric_sectii (
    id integer NOT NULL,
    sectie_id integer NOT NULL,
    camp_modificat character varying(100) NOT NULL,
    valoare_veche text,
    valoare_noua text,
    modificat_de integer NOT NULL,
    modificat_la timestamp with time zone DEFAULT now() NOT NULL
);


--
-- TOC entry 226 (class 1259 OID 16630)
-- Name: istoric_sectii_id_seq; Type: SEQUENCE; Schema: public; Owner: -
--

ALTER TABLE public.istoric_sectii ALTER COLUMN id ADD GENERATED BY DEFAULT AS IDENTITY (
    SEQUENCE NAME public.istoric_sectii_id_seq
    START WITH 1
    INCREMENT BY 1
    NO MINVALUE
    NO MAXVALUE
    CACHE 1
);


--
-- TOC entry 229 (class 1259 OID 16650)
-- Name: istoric_utilizatori; Type: TABLE; Schema: public; Owner: -
--

CREATE TABLE public.istoric_utilizatori (
    id integer NOT NULL,
    utilizator_id integer NOT NULL,
    camp_modificat character varying(100) NOT NULL,
    valoare_veche text,
    valoare_noua text,
    modificat_de integer NOT NULL,
    modificat_la timestamp with time zone DEFAULT now() NOT NULL
);


--
-- TOC entry 228 (class 1259 OID 16649)
-- Name: istoric_utilizatori_id_seq; Type: SEQUENCE; Schema: public; Owner: -
--

ALTER TABLE public.istoric_utilizatori ALTER COLUMN id ADD GENERATED BY DEFAULT AS IDENTITY (
    SEQUENCE NAME public.istoric_utilizatori_id_seq
    START WITH 1
    INCREMENT BY 1
    NO MINVALUE
    NO MAXVALUE
    CACHE 1
);


--
-- TOC entry 231 (class 1259 OID 16669)
-- Name: rapoarte; Type: TABLE; Schema: public; Owner: -
--

CREATE TABLE public.rapoarte (
    id integer NOT NULL,
    utilizator_id integer NOT NULL,
    tip character varying(50) NOT NULL,
    filtru_perioada character varying(100),
    data_generare timestamp with time zone DEFAULT now() NOT NULL,
    cale_fisier character varying(500)
);


--
-- TOC entry 230 (class 1259 OID 16668)
-- Name: rapoarte_id_seq; Type: SEQUENCE; Schema: public; Owner: -
--

ALTER TABLE public.rapoarte ALTER COLUMN id ADD GENERATED BY DEFAULT AS IDENTITY (
    SEQUENCE NAME public.rapoarte_id_seq
    START WITH 1
    INCREMENT BY 1
    NO MINVALUE
    NO MAXVALUE
    CACHE 1
);


--
-- TOC entry 217 (class 1259 OID 16564)
-- Name: roluri; Type: TABLE; Schema: public; Owner: -
--

CREATE TABLE public.roluri (
    id integer NOT NULL,
    denumire character varying(50) NOT NULL
);


--
-- TOC entry 216 (class 1259 OID 16563)
-- Name: roluri_id_seq; Type: SEQUENCE; Schema: public; Owner: -
--

ALTER TABLE public.roluri ALTER COLUMN id ADD GENERATED BY DEFAULT AS IDENTITY (
    SEQUENCE NAME public.roluri_id_seq
    START WITH 1
    INCREMENT BY 1
    NO MINVALUE
    NO MAXVALUE
    CACHE 1
);


--
-- TOC entry 219 (class 1259 OID 16570)
-- Name: sectii; Type: TABLE; Schema: public; Owner: -
--

CREATE TABLE public.sectii (
    id integer NOT NULL,
    nume character varying(100) NOT NULL,
    adresa character varying(200),
    zona character varying(100),
    latitudine double precision,
    longitudine double precision,
    creat_la timestamp with time zone DEFAULT now() NOT NULL
);


--
-- TOC entry 218 (class 1259 OID 16569)
-- Name: sectii_id_seq; Type: SEQUENCE; Schema: public; Owner: -
--

ALTER TABLE public.sectii ALTER COLUMN id ADD GENERATED BY DEFAULT AS IDENTITY (
    SEQUENCE NAME public.sectii_id_seq
    START WITH 1
    INCREMENT BY 1
    NO MINVALUE
    NO MAXVALUE
    CACHE 1
);


--
-- TOC entry 221 (class 1259 OID 16577)
-- Name: utilizatori; Type: TABLE; Schema: public; Owner: -
--

CREATE TABLE public.utilizatori (
    id integer NOT NULL,
    rol_id integer NOT NULL,
    sectie_id integer,
    username character varying(100) NOT NULL,
    parola_hash character varying(255) NOT NULL,
    nume character varying(100),
    prenume character varying(100),
    grad character varying(100),
    data_creare timestamp with time zone DEFAULT now() NOT NULL,
    este_activ boolean DEFAULT true NOT NULL
);


--
-- TOC entry 220 (class 1259 OID 16576)
-- Name: utilizatori_id_seq; Type: SEQUENCE; Schema: public; Owner: -
--

ALTER TABLE public.utilizatori ALTER COLUMN id ADD GENERATED BY DEFAULT AS IDENTITY (
    SEQUENCE NAME public.utilizatori_id_seq
    START WITH 1
    INCREMENT BY 1
    NO MINVALUE
    NO MAXVALUE
    CACHE 1
);


--
-- TOC entry 4999 (class 0 OID 16558)
-- Dependencies: 215
-- Data for Name: __EFMigrationsHistory; Type: TABLE DATA; Schema: public; Owner: -
--

COPY public."__EFMigrationsHistory" (migration_id, product_version) FROM stdin;
20260502084001_InitialCreate	8.0.8
\.


--
-- TOC entry 5007 (class 0 OID 16597)
-- Dependencies: 223
-- Data for Name: audit_log; Type: TABLE DATA; Schema: public; Owner: -
--

COPY public.audit_log (id, utilizator_id, actiune, detalii, ip_adresa, creat_la) FROM stdin;
1	1	LOGIN	User admin logged in	::1	2026-05-02 14:01:52.220939+03
2	2	LOGIN	User sef01 logged in	::1	2026-05-02 14:07:26.80208+03
3	3	LOGIN	User agent01 logged in	::1	2026-05-02 14:10:19.94794+03
4	2	LOGIN	User sef01 logged in	::1	2026-05-02 14:12:32.886443+03
5	2	UPDATE_SECTIE	Updated sectie Sectia 2	::1	2026-05-02 14:48:19.149728+03
6	2	UPDATE_SECTIE	Updated sectie Sectia 2	::1	2026-05-02 14:51:23.201142+03
7	2	UPDATE_SECTIE	Updated sectie Sectia 2	::1	2026-05-02 14:52:04.983526+03
8	2	UPDATE_SECTIE	Updated sectie Sectia 1	::1	2026-05-02 14:54:01.761554+03
9	2	UPDATE_SECTIE	Updated sectie Sectia 3	::1	2026-05-02 14:56:57.92732+03
10	2	UPDATE_DOSAR	Updated dosar 2025/002	::1	2026-05-02 15:00:31.158294+03
11	2	CREATE_DOSAR	Created dosar 123/P/2026	::1	2026-05-02 15:04:51.440749+03
12	1	LOGIN	User admin logged in	::1	2026-05-02 15:05:29.591203+03
13	1	LOGIN	User admin logged in	::1	2026-05-03 23:04:46.098976+03
14	1	LOGIN	User admin logged in	::1	2026-05-04 11:21:14.456754+03
\.


--
-- TOC entry 5017 (class 0 OID 16683)
-- Dependencies: 233
-- Data for Name: documente_dosar; Type: TABLE DATA; Schema: public; Owner: -
--

COPY public.documente_dosar (id, dosar_id, nume_fisier, cale_fisier, marime_bytes, incarcat_de, data_incarcare) FROM stdin;
\.


--
-- TOC entry 5018 (class 0 OID 16701)
-- Dependencies: 234
-- Data for Name: dosar_agenti; Type: TABLE DATA; Schema: public; Owner: -
--

COPY public.dosar_agenti (dosar_id, utilizator_id) FROM stdin;
1	3
2	4
3	3
4	4
\.


--
-- TOC entry 5009 (class 0 OID 16611)
-- Dependencies: 225
-- Data for Name: dosare; Type: TABLE DATA; Schema: public; Owner: -
--

COPY public.dosare (id, numar_dosar, titlu, descriere, status, tip_incident, data_incident, sectie_id, creat_de, creat_la, actualizat_la) FROM stdin;
1	2025/001	Furt locuinta	Sesizare furt locuinta.	DESCHIS	Furt	2025-01-10	1	2	2026-05-02 13:04:57.543572+03	\N
3	2025/003	Vandalism	Sesizare vandalism.	INCHIS	Vandalism	2025-03-01	1	2	2026-05-02 13:04:57.543583+03	\N
2	2025/002	Talharie stradala	Sesizare talharie.	IN_LUCRU	Talharie	2025-02-15	2	2	2026-05-02 13:04:57.543583+03	2026-05-02 15:00:31.153394+03
4	123/P/2026	Tentativă de furt calificat	Suspectul a fost surprins încercând să pătrundă într-un imobil prin efracție.	DESCHIS	Furt	2026-05-02	2	2	2026-05-02 15:04:51.434103+03	\N
\.


--
-- TOC entry 5020 (class 0 OID 16717)
-- Dependencies: 236
-- Data for Name: istoric_dosare; Type: TABLE DATA; Schema: public; Owner: -
--

COPY public.istoric_dosare (id, dosar_id, camp_modificat, valoare_veche, valoare_noua, modificat_de, modificat_la) FROM stdin;
\.


--
-- TOC entry 5011 (class 0 OID 16631)
-- Dependencies: 227
-- Data for Name: istoric_sectii; Type: TABLE DATA; Schema: public; Owner: -
--

COPY public.istoric_sectii (id, sectie_id, camp_modificat, valoare_veche, valoare_noua, modificat_de, modificat_la) FROM stdin;
1	2	Adresa	Str. Libertatii nr. 5	Strada Nicolae Coculescu 22, 200696 Craiova	2	2026-05-02 14:48:19.110019+03
2	2	Latitudine	44,345	44,338731402526406	2	2026-05-02 14:48:19.13207+03
3	2	Longitudine	23,78	23,782842071973636	2	2026-05-02 14:48:19.132561+03
4	2	Latitudine	44,338731402526406	44,3387	2	2026-05-02 14:51:23.199127+03
5	2	Longitudine	23,782842071973636	23,7828	2	2026-05-02 14:51:23.199276+03
6	1	Adresa	Str. Unirii nr. 1	Strada Amaradia 32, 200157 Craiova	2	2026-05-02 14:54:01.758403+03
7	1	Latitudine	44,3302	44,327990100407526	2	2026-05-02 14:54:01.758643+03
8	1	Longitudine	23,7949	23,79353007308403	2	2026-05-02 14:54:01.758705+03
9	3	Adresa	Bd. Dacia nr. 12	Strada Henri Coandă 69 bis, 200514 Craiova	2	2026-05-02 14:56:57.92179+03
10	3	Latitudine	44,315	44,30713372164295	2	2026-05-02 14:56:57.921988+03
11	3	Longitudine	23,805	23,821501073455188	2	2026-05-02 14:56:57.922046+03
\.


--
-- TOC entry 5013 (class 0 OID 16650)
-- Dependencies: 229
-- Data for Name: istoric_utilizatori; Type: TABLE DATA; Schema: public; Owner: -
--

COPY public.istoric_utilizatori (id, utilizator_id, camp_modificat, valoare_veche, valoare_noua, modificat_de, modificat_la) FROM stdin;
\.


--
-- TOC entry 5015 (class 0 OID 16669)
-- Dependencies: 231
-- Data for Name: rapoarte; Type: TABLE DATA; Schema: public; Owner: -
--

COPY public.rapoarte (id, utilizator_id, tip, filtru_perioada, data_generare, cale_fisier) FROM stdin;
1	2	INCIDENTE	2026-01-01|2026-05-02	2026-05-02 14:23:10.447941+03	\N
2	2	STATISTICI_SECTII	2026-01-01|2026-12-31	2026-05-02 14:43:09.157999+03	\N
3	2	STATISTICI_SECTII	2026-01-01|2026-12-31	2026-05-02 14:43:09.158001+03	\N
4	2	STATISTICI_SECTII	2025-01-01|2026-12-31	2026-05-02 15:00:47.054074+03	\N
5	2	STATISTICI_SECTII	2025-01-01|2026-12-31	2026-05-02 15:00:47.09503+03	\N
6	2	STATISTICI_SECTII	2025-01-01|2026-12-31	2026-05-02 15:02:05.10888+03	\N
7	2	STATISTICI_SECTII	2025-01-01|2026-12-31	2026-05-02 15:02:05.10913+03	\N
8	2	STATISTICI_SECTII	2025-01-01|2026-12-31	2026-05-02 15:04:54.309844+03	\N
9	2	STATISTICI_SECTII	2025-01-01|2026-12-31	2026-05-02 15:04:54.30752+03	\N
10	1	STATISTICI_SECTII	2025-01-01|2026-12-31	2026-05-02 15:05:29.716962+03	\N
11	1	STATISTICI_SECTII	2025-01-01|2026-12-31	2026-05-02 15:05:29.716861+03	\N
12	1	STATISTICI_SECTII	2025-01-01|2026-12-31	2026-05-02 15:06:43.857631+03	\N
13	1	STATISTICI_SECTII	2025-01-01|2026-12-31	2026-05-02 15:06:43.857614+03	\N
14	1	STATISTICI_SECTII	2025-01-01|2026-12-31	2026-05-02 15:06:52.025658+03	\N
15	1	STATISTICI_SECTII	2025-01-01|2026-12-31	2026-05-02 15:06:52.025787+03	\N
16	1	STATISTICI_SECTII	2025-01-01|2026-12-31	2026-05-02 15:09:52.786293+03	\N
17	1	STATISTICI_SECTII	2025-01-01|2026-12-31	2026-05-02 15:09:52.786765+03	\N
18	1	STATISTICI_SECTII	2025-01-01|2026-12-31	2026-05-02 15:18:48.281818+03	\N
19	1	STATISTICI_SECTII	2025-01-01|2026-12-31	2026-05-02 15:18:48.281826+03	\N
20	1	STATISTICI_SECTII	2025-01-01|2026-12-31	2026-05-02 15:20:36.201431+03	\N
21	1	STATISTICI_SECTII	2025-01-01|2026-12-31	2026-05-02 15:20:36.04617+03	\N
22	1	STATISTICI_SECTII	2025-01-01|2026-12-31	2026-05-02 15:20:39.19933+03	\N
23	1	STATISTICI_SECTII	2025-01-01|2026-12-31	2026-05-02 15:20:39.243726+03	\N
24	1	STATISTICI_SECTII	2025-01-01|2026-12-31	2026-05-02 15:31:30.461758+03	\N
25	1	STATISTICI_SECTII	2025-01-01|2026-12-31	2026-05-02 15:31:30.461432+03	\N
26	1	STATISTICI_SECTII	2025-01-01|2026-12-31	2026-05-02 15:59:19.068565+03	\N
27	1	STATISTICI_SECTII	2025-01-01|2026-12-31	2026-05-02 15:59:19.069021+03	\N
28	1	STATISTICI_SECTII	2025-01-01|2026-12-31	2026-05-02 16:22:52.184214+03	\N
29	1	STATISTICI_SECTII	2025-01-01|2026-12-31	2026-05-02 16:22:52.188157+03	\N
31	1	STATISTICI_SECTII	2025-01-01|2026-12-31	2026-05-03 23:04:46.853605+03	\N
30	1	STATISTICI_SECTII	2025-01-01|2026-12-31	2026-05-03 23:04:46.85368+03	\N
32	1	STATISTICI_SECTII	2025-01-01|2026-12-31	2026-05-03 23:05:45.728666+03	\N
33	1	STATISTICI_SECTII	2025-01-01|2026-12-31	2026-05-03 23:05:45.728733+03	\N
34	1	STATISTICI_SECTII	2025-01-01|2026-12-31	2026-05-04 11:21:15.248878+03	\N
35	1	STATISTICI_SECTII	2025-01-01|2026-12-31	2026-05-04 11:21:15.305093+03	\N
\.


--
-- TOC entry 5001 (class 0 OID 16564)
-- Dependencies: 217
-- Data for Name: roluri; Type: TABLE DATA; Schema: public; Owner: -
--

COPY public.roluri (id, denumire) FROM stdin;
1	Administrator
2	SefInspectorat
3	AgentPolitie
\.


--
-- TOC entry 5003 (class 0 OID 16570)
-- Dependencies: 219
-- Data for Name: sectii; Type: TABLE DATA; Schema: public; Owner: -
--

COPY public.sectii (id, nume, adresa, zona, latitudine, longitudine, creat_la) FROM stdin;
2	Sectia 2	Strada Nicolae Coculescu 22, 200696 Craiova	Nord	44.3387	23.7828	2026-05-02 13:04:56.688663+03
1	Sectia 1	Strada Amaradia 32, 200157 Craiova	Centru	44.327990100407526	23.79353007308403	2026-05-02 13:04:56.688651+03
3	Sectia 3	Strada Henri Coandă 69 bis, 200514 Craiova	Sud	44.30713372164295	23.821501073455188	2026-05-02 13:04:56.688663+03
\.


--
-- TOC entry 5005 (class 0 OID 16577)
-- Dependencies: 221
-- Data for Name: utilizatori; Type: TABLE DATA; Schema: public; Owner: -
--

COPY public.utilizatori (id, rol_id, sectie_id, username, parola_hash, nume, prenume, grad, data_creare, este_activ) FROM stdin;
1	1	\N	admin	$2a$11$nd/yKc7X5RzXL1GPws8iy.4B6PbPdK7Q7IzvEuvV0BtABELqIrnRK	Admin	System	\N	2026-05-02 13:04:56.966969+03	t
2	2	1	sef01	$2a$11$n9u9zhNP78cXyG1iGodXa.ofISrcXQYWfxO0WYmgXmrKq3YnxCyXq	Sef	Inspectorat	Comisar	2026-05-02 13:04:57.158613+03	t
3	3	1	agent01	$2a$11$gM3iQmiZxxoQvbiBQcTTWOjV5ifZTXlPqR6Dmpu6Eqedv6SOlRfr.	Agent	Unu	Agent	2026-05-02 13:04:57.341921+03	t
4	3	2	agent02	$2a$11$mhut8MwPUDz1FxWfy9HX5e0KDvUxomC2M0Pk0JZ22BcXnDNWjzNMy	Agent	Doi	Agent	2026-05-02 13:04:57.498691+03	t
\.


--
-- TOC entry 5027 (class 0 OID 0)
-- Dependencies: 222
-- Name: audit_log_id_seq; Type: SEQUENCE SET; Schema: public; Owner: -
--

SELECT pg_catalog.setval('public.audit_log_id_seq', 14, true);


--
-- TOC entry 5028 (class 0 OID 0)
-- Dependencies: 232
-- Name: documente_dosar_id_seq; Type: SEQUENCE SET; Schema: public; Owner: -
--

SELECT pg_catalog.setval('public.documente_dosar_id_seq', 1, false);


--
-- TOC entry 5029 (class 0 OID 0)
-- Dependencies: 224
-- Name: dosare_id_seq; Type: SEQUENCE SET; Schema: public; Owner: -
--

SELECT pg_catalog.setval('public.dosare_id_seq', 4, true);


--
-- TOC entry 5030 (class 0 OID 0)
-- Dependencies: 235
-- Name: istoric_dosare_id_seq; Type: SEQUENCE SET; Schema: public; Owner: -
--

SELECT pg_catalog.setval('public.istoric_dosare_id_seq', 1, false);


--
-- TOC entry 5031 (class 0 OID 0)
-- Dependencies: 226
-- Name: istoric_sectii_id_seq; Type: SEQUENCE SET; Schema: public; Owner: -
--

SELECT pg_catalog.setval('public.istoric_sectii_id_seq', 11, true);


--
-- TOC entry 5032 (class 0 OID 0)
-- Dependencies: 228
-- Name: istoric_utilizatori_id_seq; Type: SEQUENCE SET; Schema: public; Owner: -
--

SELECT pg_catalog.setval('public.istoric_utilizatori_id_seq', 1, false);


--
-- TOC entry 5033 (class 0 OID 0)
-- Dependencies: 230
-- Name: rapoarte_id_seq; Type: SEQUENCE SET; Schema: public; Owner: -
--

SELECT pg_catalog.setval('public.rapoarte_id_seq', 35, true);


--
-- TOC entry 5034 (class 0 OID 0)
-- Dependencies: 216
-- Name: roluri_id_seq; Type: SEQUENCE SET; Schema: public; Owner: -
--

SELECT pg_catalog.setval('public.roluri_id_seq', 1, false);


--
-- TOC entry 5035 (class 0 OID 0)
-- Dependencies: 218
-- Name: sectii_id_seq; Type: SEQUENCE SET; Schema: public; Owner: -
--

SELECT pg_catalog.setval('public.sectii_id_seq', 3, true);


--
-- TOC entry 5036 (class 0 OID 0)
-- Dependencies: 220
-- Name: utilizatori_id_seq; Type: SEQUENCE SET; Schema: public; Owner: -
--

SELECT pg_catalog.setval('public.utilizatori_id_seq', 4, true);


--
-- TOC entry 4800 (class 2606 OID 16562)
-- Name: __EFMigrationsHistory pk___ef_migrations_history; Type: CONSTRAINT; Schema: public; Owner: -
--

ALTER TABLE ONLY public."__EFMigrationsHistory"
    ADD CONSTRAINT pk___ef_migrations_history PRIMARY KEY (migration_id);


--
-- TOC entry 4812 (class 2606 OID 16604)
-- Name: audit_log pk_audit_log; Type: CONSTRAINT; Schema: public; Owner: -
--

ALTER TABLE ONLY public.audit_log
    ADD CONSTRAINT pk_audit_log PRIMARY KEY (id);


--
-- TOC entry 4832 (class 2606 OID 16690)
-- Name: documente_dosar pk_documente_dosar; Type: CONSTRAINT; Schema: public; Owner: -
--

ALTER TABLE ONLY public.documente_dosar
    ADD CONSTRAINT pk_documente_dosar PRIMARY KEY (id);


--
-- TOC entry 4835 (class 2606 OID 16705)
-- Name: dosar_agenti pk_dosar_agenti; Type: CONSTRAINT; Schema: public; Owner: -
--

ALTER TABLE ONLY public.dosar_agenti
    ADD CONSTRAINT pk_dosar_agenti PRIMARY KEY (dosar_id, utilizator_id);


--
-- TOC entry 4817 (class 2606 OID 16619)
-- Name: dosare pk_dosare; Type: CONSTRAINT; Schema: public; Owner: -
--

ALTER TABLE ONLY public.dosare
    ADD CONSTRAINT pk_dosare PRIMARY KEY (id);


--
-- TOC entry 4839 (class 2606 OID 16724)
-- Name: istoric_dosare pk_istoric_dosare; Type: CONSTRAINT; Schema: public; Owner: -
--

ALTER TABLE ONLY public.istoric_dosare
    ADD CONSTRAINT pk_istoric_dosare PRIMARY KEY (id);


--
-- TOC entry 4821 (class 2606 OID 16638)
-- Name: istoric_sectii pk_istoric_sectii; Type: CONSTRAINT; Schema: public; Owner: -
--

ALTER TABLE ONLY public.istoric_sectii
    ADD CONSTRAINT pk_istoric_sectii PRIMARY KEY (id);


--
-- TOC entry 4825 (class 2606 OID 16657)
-- Name: istoric_utilizatori pk_istoric_utilizatori; Type: CONSTRAINT; Schema: public; Owner: -
--

ALTER TABLE ONLY public.istoric_utilizatori
    ADD CONSTRAINT pk_istoric_utilizatori PRIMARY KEY (id);


--
-- TOC entry 4828 (class 2606 OID 16676)
-- Name: rapoarte pk_rapoarte; Type: CONSTRAINT; Schema: public; Owner: -
--

ALTER TABLE ONLY public.rapoarte
    ADD CONSTRAINT pk_rapoarte PRIMARY KEY (id);


--
-- TOC entry 4802 (class 2606 OID 16568)
-- Name: roluri pk_roluri; Type: CONSTRAINT; Schema: public; Owner: -
--

ALTER TABLE ONLY public.roluri
    ADD CONSTRAINT pk_roluri PRIMARY KEY (id);


--
-- TOC entry 4804 (class 2606 OID 16575)
-- Name: sectii pk_sectii; Type: CONSTRAINT; Schema: public; Owner: -
--

ALTER TABLE ONLY public.sectii
    ADD CONSTRAINT pk_sectii PRIMARY KEY (id);


--
-- TOC entry 4809 (class 2606 OID 16585)
-- Name: utilizatori pk_utilizatori; Type: CONSTRAINT; Schema: public; Owner: -
--

ALTER TABLE ONLY public.utilizatori
    ADD CONSTRAINT pk_utilizatori PRIMARY KEY (id);


--
-- TOC entry 4810 (class 1259 OID 16735)
-- Name: ix_audit_log_utilizator_id; Type: INDEX; Schema: public; Owner: -
--

CREATE INDEX ix_audit_log_utilizator_id ON public.audit_log USING btree (utilizator_id);


--
-- TOC entry 4829 (class 1259 OID 16736)
-- Name: ix_documente_dosar_dosar_id; Type: INDEX; Schema: public; Owner: -
--

CREATE INDEX ix_documente_dosar_dosar_id ON public.documente_dosar USING btree (dosar_id);


--
-- TOC entry 4830 (class 1259 OID 16737)
-- Name: ix_documente_dosar_incarcat_de; Type: INDEX; Schema: public; Owner: -
--

CREATE INDEX ix_documente_dosar_incarcat_de ON public.documente_dosar USING btree (incarcat_de);


--
-- TOC entry 4833 (class 1259 OID 16738)
-- Name: ix_dosar_agenti_utilizator_id; Type: INDEX; Schema: public; Owner: -
--

CREATE INDEX ix_dosar_agenti_utilizator_id ON public.dosar_agenti USING btree (utilizator_id);


--
-- TOC entry 4813 (class 1259 OID 16739)
-- Name: ix_dosare_creat_de; Type: INDEX; Schema: public; Owner: -
--

CREATE INDEX ix_dosare_creat_de ON public.dosare USING btree (creat_de);


--
-- TOC entry 4814 (class 1259 OID 16740)
-- Name: ix_dosare_numar_dosar; Type: INDEX; Schema: public; Owner: -
--

CREATE UNIQUE INDEX ix_dosare_numar_dosar ON public.dosare USING btree (numar_dosar);


--
-- TOC entry 4815 (class 1259 OID 16741)
-- Name: ix_dosare_sectie_id; Type: INDEX; Schema: public; Owner: -
--

CREATE INDEX ix_dosare_sectie_id ON public.dosare USING btree (sectie_id);


--
-- TOC entry 4836 (class 1259 OID 16742)
-- Name: ix_istoric_dosare_dosar_id; Type: INDEX; Schema: public; Owner: -
--

CREATE INDEX ix_istoric_dosare_dosar_id ON public.istoric_dosare USING btree (dosar_id);


--
-- TOC entry 4837 (class 1259 OID 16743)
-- Name: ix_istoric_dosare_modificat_de; Type: INDEX; Schema: public; Owner: -
--

CREATE INDEX ix_istoric_dosare_modificat_de ON public.istoric_dosare USING btree (modificat_de);


--
-- TOC entry 4818 (class 1259 OID 16744)
-- Name: ix_istoric_sectii_modificat_de; Type: INDEX; Schema: public; Owner: -
--

CREATE INDEX ix_istoric_sectii_modificat_de ON public.istoric_sectii USING btree (modificat_de);


--
-- TOC entry 4819 (class 1259 OID 16745)
-- Name: ix_istoric_sectii_sectie_id; Type: INDEX; Schema: public; Owner: -
--

CREATE INDEX ix_istoric_sectii_sectie_id ON public.istoric_sectii USING btree (sectie_id);


--
-- TOC entry 4822 (class 1259 OID 16746)
-- Name: ix_istoric_utilizatori_modificat_de; Type: INDEX; Schema: public; Owner: -
--

CREATE INDEX ix_istoric_utilizatori_modificat_de ON public.istoric_utilizatori USING btree (modificat_de);


--
-- TOC entry 4823 (class 1259 OID 16747)
-- Name: ix_istoric_utilizatori_utilizator_id; Type: INDEX; Schema: public; Owner: -
--

CREATE INDEX ix_istoric_utilizatori_utilizator_id ON public.istoric_utilizatori USING btree (utilizator_id);


--
-- TOC entry 4826 (class 1259 OID 16748)
-- Name: ix_rapoarte_utilizator_id; Type: INDEX; Schema: public; Owner: -
--

CREATE INDEX ix_rapoarte_utilizator_id ON public.rapoarte USING btree (utilizator_id);


--
-- TOC entry 4805 (class 1259 OID 16749)
-- Name: ix_utilizatori_rol_id; Type: INDEX; Schema: public; Owner: -
--

CREATE INDEX ix_utilizatori_rol_id ON public.utilizatori USING btree (rol_id);


--
-- TOC entry 4806 (class 1259 OID 16750)
-- Name: ix_utilizatori_sectie_id; Type: INDEX; Schema: public; Owner: -
--

CREATE INDEX ix_utilizatori_sectie_id ON public.utilizatori USING btree (sectie_id);


--
-- TOC entry 4807 (class 1259 OID 16751)
-- Name: ix_utilizatori_username; Type: INDEX; Schema: public; Owner: -
--

CREATE UNIQUE INDEX ix_utilizatori_username ON public.utilizatori USING btree (username);


--
-- TOC entry 4842 (class 2606 OID 16605)
-- Name: audit_log fk_audit_log_utilizator_utilizator_id; Type: FK CONSTRAINT; Schema: public; Owner: -
--

ALTER TABLE ONLY public.audit_log
    ADD CONSTRAINT fk_audit_log_utilizator_utilizator_id FOREIGN KEY (utilizator_id) REFERENCES public.utilizatori(id) ON DELETE SET NULL;


--
-- TOC entry 4850 (class 2606 OID 16691)
-- Name: documente_dosar fk_documente_dosar_dosare_dosar_id; Type: FK CONSTRAINT; Schema: public; Owner: -
--

ALTER TABLE ONLY public.documente_dosar
    ADD CONSTRAINT fk_documente_dosar_dosare_dosar_id FOREIGN KEY (dosar_id) REFERENCES public.dosare(id) ON DELETE CASCADE;


--
-- TOC entry 4851 (class 2606 OID 16696)
-- Name: documente_dosar fk_documente_dosar_utilizatori_incarcat_de; Type: FK CONSTRAINT; Schema: public; Owner: -
--

ALTER TABLE ONLY public.documente_dosar
    ADD CONSTRAINT fk_documente_dosar_utilizatori_incarcat_de FOREIGN KEY (incarcat_de) REFERENCES public.utilizatori(id) ON DELETE RESTRICT;


--
-- TOC entry 4852 (class 2606 OID 16706)
-- Name: dosar_agenti fk_dosar_agenti_dosare_dosar_id; Type: FK CONSTRAINT; Schema: public; Owner: -
--

ALTER TABLE ONLY public.dosar_agenti
    ADD CONSTRAINT fk_dosar_agenti_dosare_dosar_id FOREIGN KEY (dosar_id) REFERENCES public.dosare(id) ON DELETE CASCADE;


--
-- TOC entry 4853 (class 2606 OID 16711)
-- Name: dosar_agenti fk_dosar_agenti_utilizatori_utilizator_id; Type: FK CONSTRAINT; Schema: public; Owner: -
--

ALTER TABLE ONLY public.dosar_agenti
    ADD CONSTRAINT fk_dosar_agenti_utilizatori_utilizator_id FOREIGN KEY (utilizator_id) REFERENCES public.utilizatori(id) ON DELETE CASCADE;


--
-- TOC entry 4843 (class 2606 OID 16620)
-- Name: dosare fk_dosare_sectii_sectie_id; Type: FK CONSTRAINT; Schema: public; Owner: -
--

ALTER TABLE ONLY public.dosare
    ADD CONSTRAINT fk_dosare_sectii_sectie_id FOREIGN KEY (sectie_id) REFERENCES public.sectii(id) ON DELETE RESTRICT;


--
-- TOC entry 4844 (class 2606 OID 16625)
-- Name: dosare fk_dosare_utilizatori_creat_de; Type: FK CONSTRAINT; Schema: public; Owner: -
--

ALTER TABLE ONLY public.dosare
    ADD CONSTRAINT fk_dosare_utilizatori_creat_de FOREIGN KEY (creat_de) REFERENCES public.utilizatori(id) ON DELETE RESTRICT;


--
-- TOC entry 4854 (class 2606 OID 16725)
-- Name: istoric_dosare fk_istoric_dosare_dosare_dosar_id; Type: FK CONSTRAINT; Schema: public; Owner: -
--

ALTER TABLE ONLY public.istoric_dosare
    ADD CONSTRAINT fk_istoric_dosare_dosare_dosar_id FOREIGN KEY (dosar_id) REFERENCES public.dosare(id) ON DELETE CASCADE;


--
-- TOC entry 4855 (class 2606 OID 16730)
-- Name: istoric_dosare fk_istoric_dosare_utilizatori_modificat_de; Type: FK CONSTRAINT; Schema: public; Owner: -
--

ALTER TABLE ONLY public.istoric_dosare
    ADD CONSTRAINT fk_istoric_dosare_utilizatori_modificat_de FOREIGN KEY (modificat_de) REFERENCES public.utilizatori(id) ON DELETE RESTRICT;


--
-- TOC entry 4845 (class 2606 OID 16639)
-- Name: istoric_sectii fk_istoric_sectii_sectii_sectie_id; Type: FK CONSTRAINT; Schema: public; Owner: -
--

ALTER TABLE ONLY public.istoric_sectii
    ADD CONSTRAINT fk_istoric_sectii_sectii_sectie_id FOREIGN KEY (sectie_id) REFERENCES public.sectii(id) ON DELETE CASCADE;


--
-- TOC entry 4846 (class 2606 OID 16644)
-- Name: istoric_sectii fk_istoric_sectii_utilizatori_modificat_de; Type: FK CONSTRAINT; Schema: public; Owner: -
--

ALTER TABLE ONLY public.istoric_sectii
    ADD CONSTRAINT fk_istoric_sectii_utilizatori_modificat_de FOREIGN KEY (modificat_de) REFERENCES public.utilizatori(id) ON DELETE RESTRICT;


--
-- TOC entry 4847 (class 2606 OID 16658)
-- Name: istoric_utilizatori fk_istoric_utilizatori_utilizatori_modificat_de; Type: FK CONSTRAINT; Schema: public; Owner: -
--

ALTER TABLE ONLY public.istoric_utilizatori
    ADD CONSTRAINT fk_istoric_utilizatori_utilizatori_modificat_de FOREIGN KEY (modificat_de) REFERENCES public.utilizatori(id) ON DELETE RESTRICT;


--
-- TOC entry 4848 (class 2606 OID 16663)
-- Name: istoric_utilizatori fk_istoric_utilizatori_utilizatori_utilizator_id; Type: FK CONSTRAINT; Schema: public; Owner: -
--

ALTER TABLE ONLY public.istoric_utilizatori
    ADD CONSTRAINT fk_istoric_utilizatori_utilizatori_utilizator_id FOREIGN KEY (utilizator_id) REFERENCES public.utilizatori(id) ON DELETE CASCADE;


--
-- TOC entry 4849 (class 2606 OID 16677)
-- Name: rapoarte fk_rapoarte_utilizatori_utilizator_id; Type: FK CONSTRAINT; Schema: public; Owner: -
--

ALTER TABLE ONLY public.rapoarte
    ADD CONSTRAINT fk_rapoarte_utilizatori_utilizator_id FOREIGN KEY (utilizator_id) REFERENCES public.utilizatori(id) ON DELETE CASCADE;


--
-- TOC entry 4840 (class 2606 OID 16586)
-- Name: utilizatori fk_utilizatori_roluri_rol_id; Type: FK CONSTRAINT; Schema: public; Owner: -
--

ALTER TABLE ONLY public.utilizatori
    ADD CONSTRAINT fk_utilizatori_roluri_rol_id FOREIGN KEY (rol_id) REFERENCES public.roluri(id) ON DELETE RESTRICT;


--
-- TOC entry 4841 (class 2606 OID 16591)
-- Name: utilizatori fk_utilizatori_sectii_sectie_id; Type: FK CONSTRAINT; Schema: public; Owner: -
--

ALTER TABLE ONLY public.utilizatori
    ADD CONSTRAINT fk_utilizatori_sectii_sectie_id FOREIGN KEY (sectie_id) REFERENCES public.sectii(id) ON DELETE SET NULL;


-- Completed on 2026-05-04 15:16:41

--
-- PostgreSQL database dump complete
--

\unrestrict QZgn3wVJBWmitd2UUQ6ck7v6zGo52IIFMXzIf90gXaotiOqqwNZgMER8OumSsKf

